id,date,price,bedrooms,bathrooms,sqft_living,sqft_lot,floors,yr_built,yr_renovated,zipcode,sqft_per_bedroom,approved_rejection
3980300371,20140926T000000,142000.0,0,0.0,290,20875,1.0,1963,0,98024,,True
9543000205,20150413T000000,139950.0,0,0.0,844,4269,1.0,1913,0,98001,,True
3918400017,20150205T000000,380000.0,0,0.0,1470,979,3.0,2006,0,98133,,True
7849202190,20141223T000000,235000.0,0,0.0,1470,4800,2.0,1996,0,98065,,True
3374500520,20150429T000000,355000.0,0,0.0,2460,8049,2.0,1990,0,98031,,True
6306400140,20140612T000000,1095000.0,0,0.0,3064,4764,3.5,1990,0,98102,,True
2954400190,20140624T000000,1295650.0,0,0.0,4810,28008,2.0,1990,0,98053,,True
1222029077,20141029T000000,265000.0,0,0.75,384,213444,1.0,2003,0,98070,,True
6896300380,20141002T000000,228000.0,0,1.0,390,5900,1.0,1953,0,98118,,True
1453602309,20140805T000000,288000.0,0,1.5,1430,1650,3.0,1999,0,98125,,True
7849202299,20150218T000000,320000.0,0,2.5,1490,7111,2.0,1999,0,98065,,True
2310060040,20140925T000000,240000.0,0,2.5,1810,5669,2.0,2003,0,98038,,True
2569500210,20141117T000000,339950.0,0,2.5,2290,8319,2.0,1985,0,98042,,True
5702500050,20141104T000000,280000.0,1,0.0,600,24501,1.0,1950,0,98045,600.0,True
3421079032,20150217T000000,75000.0,1,0.0,670,43377,1.0,1966,0,98022,670.0,True
203100435,20140918T000000,484000.0,1,0.0,690,23244,1.0,1948,0,98053,690.0,True
3076500830,20141029T000000,385195.0,1,1.0,710,6000,1.5,2015,0,98144,710.0,True
1250200495,20140624T000000,455000.0,2,1.5,1200,1259,2.0,2015,0,98144,600.0,True
2770601530,20140826T000000,500000.0,2,2.25,1570,1269,2.0,2015,0,98199,785.0,True
5694500840,20141125T000000,559000.0,2,3.0,1650,960,3.0,2015,0,98103,825.0,True
6058600220,20140731T000000,230000.0,3,1.5,1040,1264,2.0,2015,0,98144,346.6666666666667,True
9126100765,20140801T000000,455000.0,3,1.75,1320,1014,3.0,2015,0,98122,440.0,True
9126100346,20140617T000000,350000.0,3,2.0,1380,3600,3.0,2015,0,98122,460.0,True
3585900190,20141006T000000,825000.0,3,2.5,3400,38400,1.0,1955,2015,98177,1133.3333333333333,True
8935100100,20140701T000000,476000.0,4,3.0,2890,6885,1.0,1945,2015,98115,722.5,True
7284900030,20140522T000000,850000.0,4,3.25,3090,6744,2.0,1923,2015,98177,772.5,True
1257201420,20140709T000000,595000.0,4,3.25,3730,4560,2.0,2015,0,98103,932.5,True
9141100005,20141028T000000,285000.0,4,3.5,2770,10505,2.0,1940,2015,98133,692.5,True
1832100030,20140625T000000,597326.0,4,4.0,3570,8250,2.0,2015,0,98040,892.5,True
9310300160,20140828T000000,357000.0,5,2.5,2990,9240,2.0,2015,0,98133,598.0,True
3585900665,20140606T000000,805000.0,5,2.5,4600,19831,1.0,1956,2015,98177,920.0,True
8712100320,20140728T000000,585000.0,5,2.75,2350,4178,1.5,1922,2015,98112,470.0,True
9520900210,20141231T000000,614285.0,5,2.75,2730,6401,2.0,2015,0,98072,546.0,True
6169901185,20140520T000000,490000.0,5,3.5,4460,2975,3.0,2015,0,98119,892.0,True
1773100755,20140821T000000,520000.0,11,3.0,3000,4960,2.0,1918,1999,98106,272.72727272727275,False
2402100895,20140625T000000,640000.0,33,1.75,1620,6000,1.0,1947,0,98103,49.09090909090909,True
