feature,mae_increase_mean,mae_increase_std
zipcode,90363.90022502735,3781.3934432117308
sqft_living,31146.752584881036,791.4600956795389
grade,25632.073878479758,1153.785756421262
lat,16201.468151896706,573.1307604418676
long,10969.809632733324,473.58972190986754
sqft_lot,10837.101215468248,1629.8188247071355
sqft_above,9813.28197242227,552.5450686178815
yr_built,5523.193504322834,139.96774829523463
view,5485.21423139753,266.0581095664122
sqft_living15,5346.147554630336,850.0957971619221
condition,3735.764388908147,583.6092819766923
waterfront,1523.721243333479,272.0388934387992
date,767.265788773167,95.68550202527415
yr_renovated,760.5741496863096,273.88116708741023
floors,681.4239196084915,196.87175712717254
bathrooms,648.9073329555686,310.0615667605423
sqft_lot15,638.258389444949,103.77397804433024
bedrooms,417.31305143534945,141.69412250729192
sqft_basement,183.53337421330798,285.7748279784116
id,0.0,0.0
